avg_loss,cls_loss,current_lr,drone_train_acc,epoch,kl_loss,multisim,sat_train_acc,step
13.305447578430176,13.096760749816895,0.001714285695925355,,0,0.00016560868243686855,0.2085212916135788,,9
13.345541954040527,13.112386703491211,0.00342857139185071,,0,0.0001857277675298974,0.23296920955181122,,19
,,,0.0,0,,,0.00035919540096074343,28
13.025396347045898,12.841634750366211,0.0051428573206067085,,1,0.00024232015130110085,0.1835188865661621,,29
12.876733779907227,12.672037124633789,0.00685714278370142,,1,0.00043481020838953555,0.20426210761070251,,39
12.923115730285645,12.712443351745605,0.008571428246796131,,1,0.0008945624576881528,0.20977792143821716,,49
,,,0.2403017282485962,1,,,0.3103448152542114,57
11.98006534576416,11.794473648071289,0.010285714641213417,,2,0.0013500913046300411,0.18424123525619507,,59
11.852279663085938,11.657796859741211,0.012000000104308128,,2,0.0027336040511727333,0.19174912571907043,,69
11.523558616638184,11.332275390625,0.01371428556740284,,2,0.004258038476109505,0.18702523410320282,,79
,,,0.47593390941619873,2,,,0.5941091775894165,86
10.117496490478516,9.925210952758789,0.015428571030497551,,3,0.006274781655520201,0.18601040542125702,,89
9.795023918151855,9.60107421875,0.017142856493592262,,3,0.009494253434240818,0.18445587158203125,,99
10.044428825378418,9.786540031433105,0.018857141956686974,,3,0.014468071982264519,0.24342072010040283,,109
,,,0.6630747318267822,3,,,0.7575430870056152,115
7.750162601470947,7.555674076080322,0.020571429282426834,,4,0.01807560957968235,0.17641305923461914,,119
7.528232097625732,7.2982177734375,0.022285714745521545,,4,0.02330666035413742,0.2067074477672577,,129
8.134600639343262,7.9249677658081055,0.024000000208616257,,4,0.038825973868370056,0.17080728709697723,,139
,,,0.7945402264595032,4,,,0.8875718116760254,144
5.43009090423584,5.201107978820801,0.025714285671710968,,5,0.042143069207668304,0.1868402361869812,,149
5.383643627166748,5.143396854400635,0.02742857113480568,,5,0.05391949415206909,0.18632721900939941,,159
5.481261730194092,5.2435407638549805,0.02914285659790039,,5,0.07235831022262573,0.16536274552345276,,169
,,,0.857758641242981,5,,,0.9263649582862854,173
3.1381473541259766,2.917795181274414,0.029999999329447746,,6,0.0708487331867218,0.14950352907180786,,179
3.019826650619507,2.7778382301330566,0.029999999329447746,,6,0.08062244951725006,0.16136594116687775,,189
3.5598788261413574,3.2824883460998535,0.029999999329447746,,6,0.09618686139583588,0.18120354413986206,,199
,,,0.912715494632721,6,,,0.9662356376647949,202
2.0696287155151367,1.7930030822753906,0.02984919585287571,,7,0.10948082059621811,0.16714482009410858,,209
2.0429697036743164,1.7615349292755127,0.02984919585287571,,7,0.11334477365016937,0.16808998584747314,,219
2.2268593311309814,1.9085795879364014,0.02984919585287571,,7,0.10751465708017349,0.21076524257659912,,229
,,,0.9533045887947083,7,,,0.983476996421814,231
1.204491138458252,0.9248635172843933,0.029675820842385292,,8,0.10463705658912659,0.17499062418937683,,239
1.345728874206543,1.0670194625854492,0.029675820842385292,,8,0.09911657869815826,0.1795928180217743,,249
1.2455469369888306,0.9881432056427002,0.029675820842385292,,8,0.09570915997028351,0.1616944968700409,,259
,,,0.9640804529190063,8,,,0.9856321811676025,260
0.898403525352478,0.6297421455383301,0.029480138793587685,,9,0.08424702286720276,0.1844143569469452,,269
1.2885020971298218,0.955744743347168,0.029480138793587685,,9,0.1549992561340332,0.17775805294513702,,279
1.5536428689956665,1.2045514583587646,0.029480138793587685,,9,0.12794068455696106,0.22115078568458557,,289
,,,0.9730603694915771,9,,,0.982758641242981,289
0.6948349475860596,0.4821588099002838,0.02926245518028736,,10,0.07953963428735733,0.13313645124435425,,299
0.7378237247467041,0.4776597023010254,0.02926245518028736,,10,0.08542190492153168,0.17474207282066345,,309
,,,0.977011501789093,10,,,0.9899425506591797,318
0.6536432504653931,0.4063083231449127,0.029023103415966034,,11,0.09526440501213074,0.1520705670118332,,319
0.6017799973487854,0.3735494613647461,0.029023103415966034,,11,0.06864827871322632,0.15958228707313538,,329
0.6512608528137207,0.4253826141357422,0.029023103415966034,,11,0.06009425222873688,0.16578397154808044,,339
,,,0.9741379022598267,11,,,0.9867097735404968,347
0.5787901878356934,0.3399708867073059,0.02876245230436325,,12,0.07573825120925903,0.16308104991912842,,349
0.4739002585411072,0.2574213743209839,0.02876245230436325,,12,0.04830315336585045,0.16817572712898254,,359
0.6967849731445312,0.43024539947509766,0.02876245230436325,,12,0.08653487265110016,0.18000470101833344,,369
,,,0.9820402264595032,12,,,0.9892241358757019,376
0.49193450808525085,0.2588995397090912,0.028480904176831245,,13,0.0699886754155159,0.16304630041122437,,379
0.5758907198905945,0.3527364730834961,0.028480904176831245,,13,0.07854845374822617,0.1446058303117752,,389
0.5268126726150513,0.2972843050956726,0.028480904176831245,,13,0.06286924332380295,0.16665911674499512,,399
,,,0.9780890941619873,13,,,0.9913793206214905,405
0.4758930206298828,0.24481657147407532,0.028178894892334938,,14,0.05239628627896309,0.1786801517009735,,409
0.4201889932155609,0.23734962940216064,0.028178894892334938,,14,0.037610236555337906,0.14522913098335266,,419
0.6672268509864807,0.4064750373363495,0.028178894892334938,,14,0.10791508853435516,0.15283674001693726,,429
,,,0.9727011322975159,14,,,0.9903017282485962,434
0.4605800211429596,0.2643806040287018,0.027856888249516487,,15,0.048040252178907394,0.1481591761112213,,439
0.507773756980896,0.28875041007995605,0.027856888249516487,,15,0.05241227149963379,0.16661104559898376,,449
0.5807520151138306,0.31995630264282227,0.027856888249516487,,15,0.08630048483610153,0.17449522018432617,,459
,,,0.9762930870056152,15,,,0.9924569129943848,463
0.5297294855117798,0.35143017768859863,0.027515381574630737,,16,0.040650494396686554,0.1376488208770752,,469
0.41725075244903564,0.22335651516914368,0.027515381574630737,,16,0.04702198505401611,0.14687225222587585,,479
0.643898069858551,0.4277716875076294,0.027515381574630737,,16,0.058653730899095535,0.15747268497943878,,489
,,,0.983476996421814,16,,,0.991738498210907,492
0.45138949155807495,0.25515174865722656,0.02715490013360977,,17,0.03635149449110031,0.15988624095916748,,499
0.45007455348968506,0.20383214950561523,0.02715490013360977,,17,0.05647476390004158,0.18976762890815735,,509
0.6024588942527771,0.3997122049331665,0.02715490013360977,,17,0.06612281501293182,0.13662388920783997,,519
,,,0.9870689511299133,17,,,0.9938936829566956,521
0.4064728617668152,0.2024211883544922,0.02677600085735321,,18,0.03845982626080513,0.16559183597564697,,529
0.6710141897201538,0.35400834679603577,0.02677600085735321,,18,0.13220444321632385,0.1848013997077942,,539
0.4957186281681061,0.3139553666114807,0.02677600085735321,,18,0.047895945608615875,0.1338673233985901,,549
,,,0.985991358757019,18,,,0.9931752681732178,550
0.42000311613082886,0.23414647579193115,0.026379268616437912,,19,0.04907818138599396,0.13677844405174255,,559
0.34457334876060486,0.14940041303634644,0.026379268616437912,,19,0.03541889041662216,0.15975403785705566,,569
0.387569397687912,0.18511167168617249,0.026379268616437912,,19,0.03932753577828407,0.16313020884990692,,579
,,,0.9877873659133911,19,,,0.9949712753295898,579
0.39343369007110596,0.2119491845369339,0.025965314358472824,,20,0.03995077311992645,0.1415337324142456,,589
0.3919444978237152,0.18790903687477112,0.025965314358472824,,20,0.03961250185966492,0.16442295908927917,,599
,,,0.9863505959510803,20,,,0.9938936829566956,608
0.3993081748485565,0.185735285282135,0.025534775108098984,,21,0.06435945630073547,0.14921343326568604,,609
0.34053435921669006,0.15615732967853546,0.025534775108098984,,21,0.03140321001410484,0.15297383069992065,,619
0.42017102241516113,0.24819432199001312,0.025534775108098984,,21,0.029320374131202698,0.1426563262939453,,629
,,,0.9903017282485962,21,,,0.9949712753295898,637
0.3289882242679596,0.15921100974082947,0.025088317692279816,,22,0.04238196834921837,0.12739525735378265,,639
0.36252284049987793,0.14860057830810547,0.025088317692279816,,22,0.03565662354230881,0.17826561629772186,,649
0.38216790556907654,0.20670348405838013,0.025088317692279816,,22,0.03047129139304161,0.1449931114912033,,659
,,,0.9906609058380127,22,,,0.993534505367279,666
0.4190870523452759,0.2155250459909439,0.024626627564430237,,23,0.06784258782863617,0.1357194185256958,,669
0.32033202052116394,0.13811811804771423,0.024626627564430237,,23,0.032547034323215485,0.14966687560081482,,679
0.3337026834487915,0.14806482195854187,0.024626627564430237,,23,0.046376537531614304,0.13926135003566742,,689
,,,0.9892241358757019,23,,,0.9938936829566956,695
0.3477785587310791,0.13538460433483124,0.024150418117642403,,24,0.05334515869617462,0.15904882550239563,,699
0.282541960477829,0.12378394603729248,0.024150418117642403,,24,0.032445941120386124,0.12631207704544067,,709
0.48126348853111267,0.2798417806625366,0.024150418117642403,,24,0.06414084881544113,0.13728085160255432,,719
,,,0.9856321811676025,24,,,0.9906609058380127,724
0.4279240369796753,0.22746191918849945,0.02366042323410511,,25,0.03802846372127533,0.1624336540699005,,729
0.28104522824287415,0.10990937054157257,0.02366042323410511,,25,0.024480830878019333,0.14665503799915314,,739
0.27134713530540466,0.12377351522445679,0.02366042323410511,,25,0.021030399948358536,0.12654322385787964,,749
,,,0.9928160905838013,25,,,0.9953304529190063,753
0.35555917024612427,0.1469527930021286,0.023157399147748947,,26,0.05081641301512718,0.15778997540473938,,759
0.5054056644439697,0.2995465397834778,0.023157399147748947,,26,0.03122352808713913,0.17463557422161102,,769
0.2753514051437378,0.11463896930217743,0.023157399147748947,,26,0.028478818014264107,0.1322336196899414,,779
,,,0.9881465435028076,26,,,0.9953304529190063,782
0.3689420223236084,0.14513221383094788,0.022642120718955994,,27,0.04607321321964264,0.17773661017417908,,789
0.2793389856815338,0.11201401054859161,0.022642120718955994,,27,0.02952120080590248,0.13780377805233002,,799
0.31706586480140686,0.12219791114330292,0.022642120718955994,,27,0.03531646355986595,0.1595514863729477,,809
,,,0.9899425506591797,27,,,0.9964080452919006,811
0.3165081739425659,0.1272653043270111,0.02211538329720497,,28,0.029983732849359512,0.1592591404914856,,819
0.28030648827552795,0.09934095293283463,0.02211538329720497,,28,0.02268008328974247,0.1582854688167572,,829
0.4028301239013672,0.17477956414222717,0.02211538329720497,,28,0.056672245264053345,0.17137831449508667,,839
,,,0.9913793206214905,28,,,0.9949712753295898,840
0.3066292703151703,0.11997370421886444,0.021577997133135796,,29,0.028876569122076035,0.1577790081501007,,849
0.3030613660812378,0.11389444768428802,0.021577997133135796,,29,0.03311436250805855,0.15605255961418152,,859
0.5166181325912476,0.2779589891433716,0.021577997133135796,,29,0.1115906834602356,0.127068430185318,,869
,,,0.991738498210907,29,,,0.9971264600753784,869
0.2901690900325775,0.11775670945644379,0.021030792966485023,,30,0.026181552559137344,0.14623084664344788,,879
0.3317830264568329,0.14734923839569092,0.021030792966485023,,30,0.04330237954854965,0.14113140106201172,,889
,,,0.991020143032074,30,,,0.9960488677024841,898
0.32197850942611694,0.15042634308338165,0.020474612712860107,,31,0.029453877359628677,0.14209827780723572,,899
0.30646103620529175,0.11312830448150635,0.020474612712860107,,31,0.03360225632786751,0.159730464220047,,909
0.34808453917503357,0.16274820268154144,0.020474612712860107,,31,0.05599948763847351,0.12933683395385742,,919
,,,0.9895833134651184,31,,,0.993534505367279,927
0.2555629014968872,0.09961140155792236,0.019910316914319992,,32,0.03032606840133667,0.12562541663646698,,929
0.2254340946674347,0.08374354988336563,0.019910316914319992,,32,0.01962278038263321,0.12206777185201645,,939
0.32420146465301514,0.13415172696113586,0.019910316914319992,,32,0.047619499266147614,0.14243024587631226,,949
,,,0.9920976758003235,32,,,0.9960488677024841,956
0.36882901191711426,0.18157121539115906,0.01933877356350422,,33,0.02501894161105156,0.16223888099193573,,959
0.3334411382675171,0.17069858312606812,0.01933877356350422,,33,0.03139795735478401,0.13134458661079407,,969
0.25971072912216187,0.11662459373474121,0.01933877356350422,,33,0.022687435150146484,0.12039870023727417,,979
,,,0.991020143032074,33,,,0.9946120977401733,985
0.3824772536754608,0.15914392471313477,0.018760861828923225,,34,0.07909876108169556,0.1442345678806305,,989
0.25164398550987244,0.0994463562965393,0.018760861828923225,,34,0.028193045407533646,0.12400456517934799,,999
0.5316314697265625,0.31212949752807617,0.018760861828923225,,34,0.03860341012477875,0.1808985471725464,,1009
,,,0.9885057210922241,34,,,0.9928160905838013,1014
0.2761278450489044,0.10295188426971436,0.01817747764289379,,35,0.033297277987003326,0.13987869024276733,,1019
0.1904667317867279,0.07866209745407104,0.01817747764289379,,35,0.016599174588918686,0.09520544856786728,,1029
0.2467082291841507,0.09475380927324295,0.01817747764289379,,35,0.018684877082705498,0.1332695484161377,,1039
,,,0.9942528605461121,35,,,0.9960488677024841,1043
0.4780658781528473,0.24137768149375916,0.017589516937732697,,36,0.023849932476878166,0.21283826231956482,,1049
0.23072481155395508,0.08928672224283218,0.017589516937732697,,36,0.019953424111008644,0.1214846670627594,,1059
0.247696653008461,0.08368346095085144,0.017589516937732697,,36,0.021379929035902023,0.14263325929641724,,1069
,,,0.9956896305084229,36,,,0.9978448152542114,1072
0.25549039244651794,0.09158588200807571,0.016997886821627617,,37,0.029697297140955925,0.13420721888542175,,1079
0.39446550607681274,0.15999646484851837,0.016997886821627617,,37,0.06968962401151657,0.1647794097661972,,1089
0.2580982446670532,0.0942569151520729,0.016997886821627617,,37,0.022758278995752335,0.14108306169509888,,1099
,,,0.9928160905838013,37,,,0.9953304529190063,1101
0.2407538741827011,0.08277884870767593,0.016403501853346825,,38,0.020300254225730896,0.13767477869987488,,1109
0.4470483660697937,0.23422914743423462,0.016403501853346825,,38,0.0796680897474289,0.1331510990858078,,1119
0.22938187420368195,0.08431384712457657,0.016403501853346825,,38,0.017188921570777893,0.1278790980577469,,1129
,,,0.9928160905838013,38,,,0.9971264600753784,1130
0.2632271349430084,0.09741733968257904,0.015807274729013443,,39,0.019239375367760658,0.14657041430473328,,1139
0.26765573024749756,0.09852687269449234,0.015807274729013443,,39,0.02466687560081482,0.144461989402771,,1149
0.257602721452713,0.09494922310113907,0.015807274729013443,,39,0.024892058223485947,0.1377614289522171,,1159
,,,0.9931752681732178,39,,,0.9953304529190063,1159
0.27494534850120544,0.10606560856103897,0.015210128389298916,,40,0.028350841253995895,0.14052890241146088,,1169
0.3143511414527893,0.15484479069709778,0.015210128389298916,,40,0.026159003376960754,0.13334736227989197,,1179
,,,0.9903017282485962,40,,,0.9974856376647949,1188
0.22323818504810333,0.08132834732532501,0.014612982049584389,,41,0.018690872937440872,0.12321896851062775,,1189
0.28520411252975464,0.10122737288475037,0.014612982049584389,,41,0.023621683940291405,0.16035506129264832,,1199
0.22958792746067047,0.08039581775665283,0.014612982049584389,,41,0.017025930806994438,0.13216617703437805,,1209
,,,0.9928160905838013,41,,,0.9956896305084229,1217
0.2539197504520416,0.0849117562174797,0.014016755856573582,,42,0.02537284418940544,0.14363515377044678,,1219
0.232456237077713,0.082008957862854,0.014016755856573582,,42,0.01347479410469532,0.13697248697280884,,1229
0.4371489882469177,0.22865425050258636,0.014016755856573582,,42,0.037232495844364166,0.1712622493505478,,1239
,,,0.9920976758003235,42,,,0.9960488677024841,1246
0.25364869832992554,0.0914631336927414,0.013422369956970215,,43,0.027582364156842232,0.13460318744182587,,1249
0.2396121621131897,0.08500462770462036,0.013422369956970215,,43,0.015848757699131966,0.13875877857208252,,1259
0.24686279892921448,0.09256012737751007,0.013422369956970215,,43,0.028098128736019135,0.12620453536510468,,1269
,,,0.993534505367279,43,,,0.9967672228813171,1275
0.23538067936897278,0.08305519819259644,0.012830739840865135,,44,0.022770971059799194,0.12955451011657715,,1279
0.33846017718315125,0.1902322620153427,0.012830739840865135,,44,0.021360209211707115,0.12686769664287567,,1289
0.2691124677658081,0.09677433967590332,0.012830739840865135,,44,0.03169943764805794,0.14063869416713715,,1299
,,,0.9924569129943848,44,,,0.9946120977401733,1304
0.30327558517456055,0.14621424674987793,0.012242780067026615,,45,0.01623143069446087,0.140829935669899,,1309
0.23052069544792175,0.06909041106700897,0.012242780067026615,,45,0.015548123978078365,0.14588215947151184,,1319
0.20225001871585846,0.06802703440189362,0.012242780067026615,,45,0.01343150157481432,0.1207914873957634,,1329
,,,0.9931752681732178,45,,,0.9949712753295898,1333
0.2571438252925873,0.08730597794055939,0.011659394949674606,,46,0.020492693409323692,0.14934515953063965,,1339
0.29232195019721985,0.1602116823196411,0.011659394949674606,,46,0.018267415463924408,0.11384284496307373,,1349
0.36489951610565186,0.18391548097133636,0.011659394949674606,,46,0.0662076324224472,0.11477641761302948,,1359
,,,0.991020143032074,46,,,0.9949712753295898,1362
0.24769222736358643,0.11737923324108124,0.011081484146416187,,47,0.012897215783596039,0.11741578578948975,,1369
0.25654542446136475,0.10597886145114899,0.011081484146416187,,47,0.026178698986768723,0.12438786029815674,,1379
0.29279544949531555,0.09432700276374817,0.011081484146416187,,47,0.02392762526869774,0.17454081773757935,,1389
,,,0.9931752681732178,47,,,0.9974856376647949,1391
0.2095457762479782,0.08027666807174683,0.01050993986427784,,48,0.021023932844400406,0.10824517905712128,,1399
0.36523640155792236,0.14865677058696747,0.01050993986427784,,48,0.06109194457530975,0.15548768639564514,,1409
0.5749022960662842,0.3954733610153198,0.01050993986427784,,48,0.04881618916988373,0.13061271607875824,,1419
,,,0.9903017282485962,48,,,0.9956896305084229,1420
0.2477872520685196,0.07901132106781006,0.009945644065737724,,49,0.018220264464616776,0.15055567026138306,,1429
0.2575487494468689,0.10296329110860825,0.009945644065737724,,49,0.037007227540016174,0.11757820844650269,,1439
0.23364490270614624,0.10018575191497803,0.009945644065737724,,49,0.023000476881861687,0.11045867204666138,,1449
,,,0.9964080452919006,49,,,0.9960488677024841,1449
0.22140313684940338,0.07499794661998749,0.009389464743435383,,50,0.013731843791902065,0.13267335295677185,,1459
0.2627887725830078,0.10520908981561661,0.009389464743435383,,50,0.038620661944150925,0.11895902454853058,,1469
,,,0.9949712753295898,50,,,0.9971264600753784,1478
0.21475400030612946,0.06265127658843994,0.00884226057678461,,51,0.012982618063688278,0.13912010192871094,,1479
0.20837819576263428,0.07304055988788605,0.00884226057678461,,51,0.018243320286273956,0.11709430813789368,,1489
0.2771506905555725,0.09146228432655334,0.00884226057678461,,51,0.030186370015144348,0.155502051115036,,1499
,,,0.9953304529190063,51,,,0.9964080452919006,1507
0.2275201827287674,0.06127658858895302,0.008304874412715435,,52,0.014303105883300304,0.1519404947757721,,1509
0.32672569155693054,0.17192891240119934,0.008304874412715435,,52,0.014565671794116497,0.14023110270500183,,1519
0.24259351193904877,0.0957888662815094,0.008304874412715435,,52,0.02894417569041252,0.11786047369241714,,1529
,,,0.9920976758003235,52,,,0.9956896305084229,1536
0.3282928168773651,0.16305886209011078,0.007778136525303125,,53,0.020429551601409912,0.14480440318584442,,1539
0.30311888456344604,0.16980382800102234,0.007778136525303125,,53,0.020203279331326485,0.11311175674200058,,1549
0.34932446479797363,0.17771178483963013,0.007778136525303125,,53,0.03037365712225437,0.1412390172481537,,1559
,,,0.9924569129943848,53,,,0.9960488677024841,1565
0.2785591781139374,0.10692892968654633,0.007262858096510172,,54,0.042116232216358185,0.12951400876045227,,1569
0.24173325300216675,0.11481945216655731,0.007262858096510172,,54,0.015166857279837132,0.11174693703651428,,1579
0.2765064537525177,0.10318322479724884,0.007262858096510172,,54,0.03480586037039757,0.1385173797607422,,1589
,,,0.9942528605461121,54,,,0.9978448152542114,1594
0.3311242461204529,0.2087680697441101,0.006759834010154009,,55,0.021592330187559128,0.10076384246349335,,1599
0.20317083597183228,0.06319104880094528,0.006759834010154009,,55,0.01293245144188404,0.1270473450422287,,1609
0.2523897886276245,0.07505961507558823,0.006759834010154009,,55,0.015852969139814377,0.1614772081375122,,1619
,,,0.9960488677024841,55,,,0.9956896305084229,1623
0.22080287337303162,0.07357092201709747,0.006269839126616716,,56,0.018352322280406952,0.1288796365261078,,1629
0.23712760210037231,0.07468175888061523,0.006269839126616716,,56,0.01959366723895073,0.14285217225551605,,1639
0.18890881538391113,0.07656553387641907,0.006269839126616716,,56,0.015494377352297306,0.09684889763593674,,1649
,,,0.9974856376647949,56,,,0.9971264600753784,1652
0.2186756730079651,0.07760594040155411,0.0057936301454901695,,57,0.02587684988975525,0.11519288271665573,,1659
0.2069537192583084,0.07128336280584335,0.0057936301454901695,,57,0.015132119879126549,0.12053824961185455,,1669
0.2200322449207306,0.06692860275506973,0.0057936301454901695,,57,0.015185274183750153,0.1379183828830719,,1679
,,,0.9978448152542114,57,,,0.9964080452919006,1681
0.22816775739192963,0.11889368295669556,0.005331940017640591,,58,0.01584760658442974,0.09342646598815918,,1689
0.27030056715011597,0.10542533546686172,0.005331940017640591,,58,0.03200642764568329,0.13286882638931274,,1699
0.28119680285453796,0.14022263884544373,0.005331940017640591,,58,0.01443534530699253,0.12653881311416626,,1709
,,,0.9964080452919006,58,,,0.9953304529190063,1710
0.20732399821281433,0.0674675703048706,0.004885482136160135,,59,0.013027873821556568,0.12682855129241943,,1719
0.2708420157432556,0.10946793854236603,0.004885482136160135,,59,0.047999970614910126,0.11337409913539886,,1729
0.18278059363365173,0.06300221383571625,0.004885482136160135,,59,0.014097959734499454,0.1056804284453392,,1739
,,,0.9949712753295898,59,,,0.9967672228813171,1739
0.23603597283363342,0.08246320486068726,0.004454943351447582,,60,0.017120536416769028,0.13645222783088684,,1749
0.2647623121738434,0.08801476657390594,0.004454943351447582,,60,0.034609220921993256,0.14213833212852478,,1759
,,,0.9956896305084229,60,,,0.9967672228813171,1768
0.1987217664718628,0.07057982683181763,0.004040988627821207,,61,0.014850970357656479,0.11329096555709839,,1769
0.17967796325683594,0.05586618185043335,0.004040988627821207,,61,0.012292532250285149,0.11151924729347229,,1779
0.22342358529567719,0.08110370486974716,0.004040988627821207,,61,0.022899944335222244,0.11941994726657867,,1789
,,,0.9967672228813171,61,,,0.9964080452919006,1797
0.20841820538043976,0.0774277001619339,0.003644256154075265,,62,0.024146080017089844,0.10684442520141602,,1799
0.17284905910491943,0.056012172251939774,0.003644256154075265,,62,0.012207703664898872,0.10462918132543564,,1809
0.230808824300766,0.07539310306310654,0.003644256154075265,,62,0.015141154639422894,0.1402745544910431,,1819
,,,0.9924569129943848,62,,,0.9960488677024841,1826
0.3132275342941284,0.10625679790973663,0.0032653571106493473,,63,0.041719794273376465,0.16525094211101532,,1829
0.218122661113739,0.05833898112177849,0.0032653571106493473,,63,0.011976219713687897,0.14780744910240173,,1839
0.2073078453540802,0.07597236335277557,0.0032653571106493473,,63,0.019256018102169037,0.11207945644855499,,1849
,,,0.9949712753295898,63,,,0.9960488677024841,1855
0.25306546688079834,0.08995417505502701,0.002904876135289669,,64,0.031074918806552887,0.13203637301921844,,1859
0.2015753984451294,0.062103211879730225,0.002904876135289669,,64,0.014630414545536041,0.12484176456928253,,1869
0.32150179147720337,0.17241492867469788,0.002904876135289669,,64,0.0173038262873888,0.13178303837776184,,1879
,,,0.9964080452919006,64,,,0.9967672228813171,1884
0.2415802925825119,0.09887254238128662,0.0025633687619119883,,65,0.034707725048065186,0.1080000251531601,,1889
0.2126334309577942,0.06768076866865158,0.0025633687619119883,,65,0.015414143912494183,0.12953850626945496,,1899
0.20739805698394775,0.06501539796590805,0.0025633687619119883,,65,0.011368964798748493,0.1310136914253235,,1909
,,,0.9967672228813171,65,,,0.9964080452919006,1913
0.2086527794599533,0.06340943276882172,0.0022413621190935373,,66,0.016927393153309822,0.12831595540046692,,1919
0.2054387778043747,0.06274905055761337,0.0022413621190935373,,66,0.013026099652051926,0.1296636313199997,,1929
0.20335857570171356,0.07424172759056091,0.0022413621190935373,,66,0.018614649772644043,0.1105021983385086,,1939
,,,0.9960488677024841,66,,,0.9967672228813171,1942
0.18388311564922333,0.06167349964380264,0.001939352136105299,,67,0.015403222292661667,0.10680639743804932,,1949
0.2416796088218689,0.0701560229063034,0.001939352136105299,,67,0.01802169531583786,0.15350189805030823,,1959
0.24266627430915833,0.08538903295993805,0.001939352136105299,,67,0.029877208173274994,0.12740004062652588,,1969
,,,0.9967672228813171,67,,,0.9974856376647949,1971
0.19988423585891724,0.07900549471378326,0.0016578048234805465,,68,0.020795047283172607,0.10008370131254196,,1979
0.19693146646022797,0.06756997108459473,0.0016578048234805465,,68,0.016517996788024902,0.11284349858760834,,1989
0.19557631015777588,0.06662000715732574,0.0016578048234805465,,68,0.016782943159341812,0.11217335611581802,,1999
,,,0.9960488677024841,68,,,0.9978448152542114,2000
0.3069870173931122,0.13851597905158997,0.0013971541775390506,,69,0.022640233859419823,0.14583081007003784,,2009
0.24825353920459747,0.09152267873287201,0.0013971541775390506,,69,0.027424726635217667,0.1293061375617981,,2019
0.23513472080230713,0.10040873289108276,0.0013971541775390506,,69,0.03031254932284355,0.10441343486309052,,2029
,,,0.9974856376647949,69,,,0.9978448152542114,2029
0.20272625982761383,0.06606564670801163,0.0011578020639717579,,70,0.014953743666410446,0.12170685827732086,,2039
0.22188222408294678,0.06238962709903717,0.0011578020639717579,,70,0.01767098344862461,0.14182160794734955,,2049
,,,0.9924569129943848,70,,,0.9949712753295898,2058
0.22003619372844696,0.06189306452870369,0.0009401177521795034,,71,0.014850533567368984,0.1432926058769226,,2059
0.17852883040905,0.057883910834789276,0.0009401177521795034,,71,0.011164966970682144,0.10947995632886887,,2069
0.15708090364933014,0.06635033339262009,0.0009401177521795034,,71,0.013590528629720211,0.07714004814624786,,2079
,,,0.9956896305084229,71,,,0.9960488677024841,2087
0.24089980125427246,0.11001931130886078,0.0007444366929121315,,72,0.01575300842523575,0.11512748897075653,,2089
0.20484432578086853,0.06742671132087708,0.0007444366929121315,,72,0.013053981587290764,0.12436362355947495,,2099
0.2106349766254425,0.06262024492025375,0.0007444366929121315,,72,0.013140611350536346,0.1348741054534912,,2109
,,,0.9964080452919006,72,,,0.9971264600753784,2116
0.1804344356060028,0.055329084396362305,0.0005710606928914785,,73,0.012064747512340546,0.11304058879613876,,2119
0.23295629024505615,0.0657048225402832,0.0005710606928914785,,73,0.015302618034183979,0.15194885432720184,,2129
0.24148860573768616,0.08640843629837036,0.0005710606928914785,,73,0.022398151457309723,0.13268201053142548,,2139
,,,0.9964080452919006,73,,,0.9982040524482727,2145
0.18229004740715027,0.06156865507364273,0.0004202570708002895,,74,0.011929245665669441,0.10879214107990265,,2149
0.19175806641578674,0.06285971403121948,0.0004202570708002895,,74,0.013323601335287094,0.11557474732398987,,2159
0.21926777064800262,0.07771246880292892,0.0004202570708002895,,74,0.022579744458198547,0.11897556483745575,,2169
,,,0.9964080452919006,74,,,0.9964080452919006,2174
0.27723228931427,0.09641285240650177,0.00029225836624391377,,75,0.030196625739336014,0.15062281489372253,,2179
0.22983193397521973,0.05550543591380119,0.00029225836624391377,,75,0.008929241448640823,0.1653972566127777,,2189
0.1838446408510208,0.06575246900320053,0.00029225836624391377,,75,0.01742461696267128,0.1006675586104393,,2199
,,,0.9942528605461121,75,,,0.9960488677024841,2203
0.25238609313964844,0.11819667369127274,0.0001872619177447632,,76,0.010933401063084602,0.12325602769851685,,2209
0.1860978752374649,0.05870845168828964,0.0001872619177447632,,76,0.012191494926810265,0.11519792675971985,,2219
0.17261144518852234,0.06249676272273064,0.0001872619177447632,,76,0.012937548570334911,0.09717713296413422,,2229
,,,0.9946120977401733,76,,,0.9956896305084229,2232
0.21080632507801056,0.07731108367443085,0.00010542965901549906,,77,0.020244842395186424,0.11325040459632874,,2239
0.22229161858558655,0.07819408178329468,0.00010542965901549906,,77,0.022654708474874496,0.12144281715154648,,2249
0.28651490807533264,0.12407418340444565,0.00010542965901549906,,77,0.016270343214273453,0.14617037773132324,,2259
,,,0.9956896305084229,77,,,0.9971264600753784,2261
0.2197553813457489,0.0659099668264389,4.688775152317248e-05,,78,0.015575685538351536,0.13826972246170044,,2269
0.2260303944349289,0.06948317587375641,4.688775152317248e-05,,78,0.017788637429475784,0.138758584856987,,2279
0.2011491060256958,0.06782464683055878,4.688775152317248e-05,,78,0.016616186127066612,0.11670827865600586,,2289
,,,0.9953304529190063,78,,,0.9971264600753784,2290
0.19482840597629547,0.06134098768234253,1.1726458069460932e-05,,79,0.01350298710167408,0.11998443305492401,,2299
0.266917884349823,0.14469602704048157,1.1726458069460932e-05,,79,0.011656230315566063,0.11056563258171082,,2309
0.18004383146762848,0.052682679146528244,1.1726458069460932e-05,,79,0.012037764303386211,0.11532337963581085,,2319
,,,0.9953304529190063,79,,,0.9960488677024841,2319
0.17478524148464203,0.06014315038919449,0.0,,80,0.012020448222756386,0.1026216372847557,,2329
0.2615264654159546,0.09981799870729446,0.0,,80,0.03671467304229736,0.12499378621578217,,2339
,,,0.9949712753295898,80,,,0.9967672228813171,2348
0.21426445245742798,0.07270648330450058,1.1564456144697033e-05,,81,0.022560976445674896,0.11899697780609131,,2349
0.1715754121541977,0.05023825168609619,1.1564456144697033e-05,,81,0.011457931250333786,0.10987921804189682,,2359
0.20162859559059143,0.06287506967782974,1.1564456144697033e-05,,81,0.014238416217267513,0.124515101313591,,2369
,,,0.9964080452919006,81,,,0.9967672228813171,2377
0.2359938621520996,0.10225687175989151,4.6239994844654575e-05,,82,0.025057170540094376,0.10867983102798462,,2379
0.1919366419315338,0.07053283601999283,4.6239994844654575e-05,,82,0.01298803836107254,0.10841576755046844,,2389
0.2013075351715088,0.07872988283634186,4.6239994844654575e-05,,82,0.021241704002022743,0.10133594274520874,,2399
,,,0.9949712753295898,82,,,0.9960488677024841,2406
0.20878992974758148,0.07836518436670303,0.00010397314326837659,,83,0.026703940704464912,0.10372081398963928,,2409
0.18110772967338562,0.05658721178770065,0.00010397314326837659,,83,0.010776634328067303,0.1137438714504242,,2419
0.19416534900665283,0.07439394295215607,0.00010397314326837659,,83,0.01700429618358612,0.10276710987091064,,2429
,,,0.9949712753295898,83,,,0.9964080452919006,2435
0.26601842045783997,0.1370546817779541,0.00018467489280737936,,84,0.012438320554792881,0.11652542650699615,,2439
0.19205841422080994,0.052944958209991455,0.00018467489280737936,,84,0.010489804670214653,0.12862364947795868,,2449
0.22611738741397858,0.08007707446813583,0.00018467489280737936,,84,0.01900048553943634,0.1270398199558258,,2459
,,,0.9960488677024841,84,,,0.9964080452919006,2464
0.19456695020198822,0.06931672245264053,0.0002882207918446511,,85,0.014406701549887657,0.11084353923797607,,2469
0.17372380197048187,0.06137446314096451,0.0002882207918446511,,85,0.012094605714082718,0.10025473684072495,,2479
0.1949172466993332,0.06532740592956543,0.0002882207918446511,,85,0.015730515122413635,0.11385931819677353,,2489
,,,0.9949712753295898,85,,,0.9949712753295898,2493
0.17850905656814575,0.06605570763349533,0.0004144512058701366,,86,0.016910657286643982,0.09554269164800644,,2499
0.23988422751426697,0.09928008168935776,0.0004144512058701366,,86,0.01057475246489048,0.13002938032150269,,2509
0.16616560518741608,0.05094434693455696,0.0004144512058701366,,86,0.011953976936638355,0.10326728224754333,,2519
,,,0.9967672228813171,86,,,0.9971264600753784,2522
0.20477528870105743,0.06629788875579834,0.0005631714593619108,,87,0.015048336237668991,0.1234290599822998,,2529
0.2398684322834015,0.0749719962477684,0.0005631714593619108,,87,0.019015487283468246,0.14588093757629395,,2539
0.1710675209760666,0.052122216671705246,0.0005631714593619108,,87,0.00878165103495121,0.11016365140676498,,2549
,,,0.9974856376647949,87,,,0.9982040524482727,2551
0.2218601554632187,0.07122190296649933,0.0007341522723436356,,88,0.020712366327643394,0.1299258917570114,,2559
0.1876501888036728,0.06503497064113617,0.0007341522723436356,,88,0.010885549709200859,0.11172967404127121,,2569
0.19662335515022278,0.06557901203632355,0.0007341522723436356,,88,0.0141681507229805,0.11687619984149933,,2579
,,,0.9964080452919006,88,,,0.9964080452919006,2580
0.19219449162483215,0.06079757213592529,0.0009271299350075424,,89,0.013589493930339813,0.11780743300914764,,2589
0.34442755579948425,0.1606673300266266,0.0009271299350075424,,89,0.02355954796075821,0.16020068526268005,,2599
0.2379067838191986,0.09468423575162888,0.0009271299350075424,,89,0.02855324000120163,0.1146693080663681,,2609
,,,0.993534505367279,89,,,0.9971264600753784,2609
0.20128268003463745,0.0705750584602356,0.0011418070644140244,,90,0.013579390943050385,0.11712823063135147,,2619
0.3244445323944092,0.17567603290081024,0.0011418070644140244,,90,0.027815405279397964,0.12095308303833008,,2629
,,,0.9949712753295898,90,,,0.9974856376647949,2638
0.2577051818370819,0.11271288245916367,0.001377852400764823,,91,0.019643045961856842,0.1253492683172226,,2639
0.18968148529529572,0.06437303870916367,0.001377852400764823,,91,0.012080410495400429,0.11322802305221558,,2649
0.1828344464302063,0.06090962886810303,0.001377852400764823,,91,0.014277365058660507,0.10764744132757187,,2659
,,,0.9967672228813171,91,,,0.9971264600753784,2667
0.2200331687927246,0.07546615600585938,0.001634902087971568,,92,0.023092515766620636,0.1214744970202446,,2669
0.20385287702083588,0.05960852652788162,0.001634902087971568,,92,0.01295025460422039,0.1312941014766693,,2679
0.19864386320114136,0.06376543641090393,0.001634902087971568,,92,0.015216706320643425,0.11966171860694885,,2689
,,,0.9960488677024841,92,,,0.9953304529190063,2696
0.2458055168390274,0.11771911382675171,0.001912559848278761,,93,0.01871136762201786,0.10937502980232239,,2699
0.18714559078216553,0.05908271670341492,0.001912559848278761,,93,0.012450184673070908,0.11561267822980881,,2709
0.2597074508666992,0.10084545612335205,0.001912559848278761,,93,0.03382815420627594,0.12503385543823242,,2719
,,,0.9964080452919006,93,,,0.9967672228813171,2725
0.2509600818157196,0.09403713047504425,0.002210397506132722,,94,0.030349232256412506,0.12657371163368225,,2729
0.19420282542705536,0.06902648508548737,0.002210397506132722,,94,0.014549532905220985,0.11062680184841156,,2739
0.21564988791942596,0.07250839471817017,0.002210397506132722,,94,0.019436176866292953,0.12370531260967255,,2749
,,,0.9956896305084229,94,,,0.9964080452919006,2754
0.22603841125965118,0.08808246999979019,0.0025279559195041656,,95,0.027155738323926926,0.11080020666122437,,2759
0.19909535348415375,0.05939577519893646,0.0025279559195041656,,95,0.01103158388286829,0.12866799533367157,,2769
0.2826475203037262,0.13941079378128052,0.0025279559195041656,,95,0.018069591373205185,0.1251671314239502,,2779
,,,0.9964080452919006,95,,,0.9960488677024841,2783
0.28350546956062317,0.14331388473510742,0.0028647449798882008,,96,0.012978979386389256,0.12721261382102966,,2789
0.20221737027168274,0.06421028077602386,0.0028647449798882008,,96,0.012566156685352325,0.12544092535972595,,2799
0.19459781050682068,0.057117439806461334,0.0028647449798882008,,96,0.015836652368307114,0.12164372205734253,,2809
,,,0.9949712753295898,96,,,0.9967672228813171,2812
0.18297909200191498,0.06420312076807022,0.0032202459406107664,,97,0.015175869688391685,0.10360011458396912,,2819
0.2296523153781891,0.08201718330383301,0.0032202459406107664,,97,0.026015134528279305,0.12161999940872192,,2829
0.28920450806617737,0.12283478677272797,0.0032202459406107664,,97,0.050868920981884,0.1155007928609848,,2839
,,,0.9964080452919006,97,,,0.9974856376647949,2841
0.21031780540943146,0.0754651427268982,0.0035939104855060577,,98,0.020248999819159508,0.1146036684513092,,2849
0.19889050722122192,0.06335590034723282,0.0035939104855060577,,98,0.01187168899923563,0.12366290390491486,,2859
0.1904088407754898,0.061095237731933594,0.0035939104855060577,,98,0.012906708754599094,0.1164068803191185,,2869
,,,0.9953304529190063,98,,,0.9953304529190063,2870
0.18994566798210144,0.05983398109674454,0.003985162358731031,,99,0.011217417195439339,0.11889427155256271,,2879
0.20323842763900757,0.06204336881637573,0.003985162358731031,,99,0.012797374278306961,0.12839768826961517,,2889
0.1888350248336792,0.06153786927461624,0.003985162358731031,,99,0.013355672359466553,0.11394147574901581,,2899
,,,0.9942528605461121,99,,,0.9964080452919006,2899
0.23354147374629974,0.07555810362100601,0.00439339829608798,,100,0.020834999158978462,0.13714836537837982,,2909
0.245744526386261,0.08018225431442261,0.00439339829608798,,100,0.025232084095478058,0.14033019542694092,,2919
,,,0.9967672228813171,100,,,0.9978448152542114,2928
0.2471044510602951,0.09209315478801727,0.004817988723516464,,101,0.026629742234945297,0.12838155031204224,,2929
0.22891023755073547,0.06130479276180267,0.004817988723516464,,101,0.013281485997140408,0.15432396531105042,,2939
0.2074175775051117,0.06977728009223938,0.004817988723516464,,101,0.015893198549747467,0.12174709886312485,,2949
,,,0.9953304529190063,101,,,0.9964080452919006,2957
0.23011809587478638,0.0672546923160553,0.005258279386907816,,102,0.017768369987607002,0.14509503543376923,,2959
0.17682290077209473,0.06467583775520325,0.005258279386907816,,102,0.012746693566441536,0.0994003638625145,,2969
0.23264825344085693,0.10139264166355133,0.005258279386907816,,102,0.011666275560855865,0.11958935111761093,,2979
,,,0.9978448152542114,102,,,0.9971264600753784,2986
0.22202832996845245,0.07777145504951477,0.005713590886443853,,103,0.019552821293473244,0.12470404803752899,,2989
0.17135272920131683,0.05582944676280022,0.005713590886443853,,103,0.009332459419965744,0.10619082301855087,,2999
0.22994539141654968,0.07583767175674438,0.005713590886443853,,103,0.018011920154094696,0.13609579205513,,3009
,,,0.993534505367279,103,,,0.9974856376647949,3015
0.2602289617061615,0.10771449655294418,0.0061832210049033165,,104,0.037262462079524994,0.11525200307369232,,3019
0.18412207067012787,0.06046315282583237,0.0061832210049033165,,104,0.010777173563838005,0.11288174241781235,,3029
0.2472158819437027,0.08118069171905518,0.0061832210049033165,,104,0.02142571285367012,0.1446094810962677,,3039
,,,0.9956896305084229,104,,,0.9967672228813171,3044
0.2990468144416809,0.1628321409225464,0.006666446570307016,,105,0.02541320025920868,0.11080148071050644,,3049
0.2140948474407196,0.06270778179168701,0.006666446570307016,,105,0.013783606700599194,0.13760346174240112,,3059
0.19999979436397552,0.06024213880300522,0.006666446570307016,,105,0.011778334155678749,0.1279793083667755,,3069
,,,0.9971264600753784,105,,,0.9960488677024841,3073
0.37452006340026855,0.23962931334972382,0.007162521593272686,,106,0.017644047737121582,0.11724668741226196,,3079
0.20627550780773163,0.0690944567322731,0.007162521593272686,,106,0.01558961346745491,0.12159144878387451,,3089
0.19808927178382874,0.0687304362654686,0.007162521593272686,,106,0.015585832297801971,0.11377298831939697,,3099
,,,0.9953304529190063,106,,,0.9967672228813171,3102
0.1814367026090622,0.05628687143325806,0.007670681457966566,,107,0.011207965202629566,0.11394186317920685,,3109
0.2310204654932022,0.07917612791061401,0.007670681457966566,,107,0.022213857620954514,0.12963047623634338,,3119
0.2743971049785614,0.15809324383735657,0.007670681457966566,,107,0.01147391740232706,0.10482995212078094,,3129
,,,0.9964080452919006,107,,,0.9964080452919006,3131
0.24605153501033783,0.08543404936790466,0.008190142922103405,,108,0.023448530584573746,0.13716895878314972,,3139
0.3058094084262848,0.11989252269268036,0.008190142922103405,,108,0.05433448404073715,0.1315823793411255,,3149
0.23390589654445648,0.08317611366510391,0.008190142922103405,,108,0.024710308760404587,0.1260194629430771,,3159
,,,0.993534505367279,108,,,0.9974856376647949,3160
0.2127741575241089,0.07528522610664368,0.008720103651285172,,109,0.018677886575460434,0.11881103366613388,,3169
0.2463722825050354,0.08921288698911667,0.008720103651285172,,109,0.03264186158776283,0.1245175302028656,,3179
0.2037307769060135,0.07459627091884613,0.008720103651285172,,109,0.01929006353020668,0.10984444618225098,,3189
,,,0.9949712753295898,109,,,0.9967672228813171,3189
0.20367431640625,0.06984661519527435,0.00925974827259779,,110,0.014611845836043358,0.11921585351228714,,3199
0.24169956147670746,0.09535485506057739,0.00925974827259779,,110,0.030405264347791672,0.1159394383430481,,3209
,,,0.9971264600753784,110,,,0.9956896305084229,3218
0.21534188091754913,0.07338728755712509,0.009808244183659554,,111,0.021549293771386147,0.12040528655052185,,3219
0.2032710760831833,0.07016730308532715,0.009808244183659554,,111,0.013700534589588642,0.11940323561429977,,3229
0.24329154193401337,0.08203432708978653,0.009808244183659554,,111,0.020201941952109337,0.14105528593063354,,3239
,,,0.9938936829566956,111,,,0.9964080452919006,3247
0.2107066661119461,0.07211405783891678,0.010364744812250137,,112,0.01727079227566719,0.12132181972265244,,3249
0.21136309206485748,0.0766867995262146,0.010364744812250137,,112,0.01624263823032379,0.11843365430831909,,3259
0.20696339011192322,0.06643879413604736,0.010364744812250137,,112,0.01319137029349804,0.12733322381973267,,3269
,,,0.9967672228813171,112,,,0.9967672228813171,3276
0.1925312727689743,0.056114889681339264,0.010928393341600895,,113,0.014399607665836811,0.1220167875289917,,3279
0.18852627277374268,0.06680700927972794,0.010928393341600895,,113,0.0164631400257349,0.10525611788034439,,3289
0.2776508927345276,0.14067532122135162,0.010928393341600895,,113,0.01867116056382656,0.11830443143844604,,3299
,,,0.9956896305084229,113,,,0.9964080452919006,3305
0.1863093227148056,0.05242009833455086,0.011498319916427135,,114,0.008522748947143555,0.1253664791584015,,3309
0.23522315919399261,0.08128233253955841,0.011498319916427135,,114,0.021695014089345932,0.13224580883979797,,3319
0.21484258770942688,0.07798101007938385,0.011498319916427135,,114,0.016852987930178642,0.12000858783721924,,3329
,,,0.9938936829566956,114,,,0.9960488677024841,3334
0.22040772438049316,0.06819844245910645,0.012073645368218422,,115,0.018114618957042694,0.13409465551376343,,3339
0.21504773199558258,0.062105778604745865,0.012073645368218422,,115,0.012217599898576736,0.14072436094284058,,3349
0.18972358107566833,0.06723999977111816,0.012073645368218422,,115,0.011441986076533794,0.1110415905714035,,3359
,,,0.9942528605461121,115,,,0.9971264600753784,3363
0.2397618293762207,0.11133511364459991,0.01265348307788372,,116,0.01585622876882553,0.11257047951221466,,3369
0.21442151069641113,0.06344183534383774,0.01265348307788372,,116,0.012107251212000847,0.1388724148273468,,3379
0.1999988853931427,0.06398990005254745,0.01265348307788372,,116,0.014390520751476288,0.12161847203969955,,3389
,,,0.9956896305084229,116,,,0.9974856376647949,3392
0.1996764987707138,0.07794264703989029,0.0132369389757514,,117,0.02085457555949688,0.10087927430868149,,3399
0.23381724953651428,0.0789039134979248,0.0132369389757514,,117,0.021750379353761673,0.1331629604101181,,3409
0.23080244660377502,0.08417493104934692,0.0132369389757514,,117,0.019295811653137207,0.1273317039012909,,3419
,,,0.9964080452919006,117,,,0.9956896305084229,3421
0.19055482745170593,0.05762869119644165,0.013823113404214382,,118,0.010653840377926826,0.1222722977399826,,3429
0.23086857795715332,0.0730685368180275,0.013823113404214382,,118,0.013509869575500488,0.14429017901420593,,3439
0.2106652408838272,0.068661630153656,0.013823113404214382,,118,0.012349799275398254,0.12965381145477295,,3449
,,,0.9978448152542114,118,,,0.9953304529190063,3450
0.17255330085754395,0.060068488121032715,0.01441110298037529,,119,0.012102155014872551,0.10038264840841293,,3459
0.22916147112846375,0.08414095640182495,0.01441110298037529,,119,0.024101916700601578,0.12091859430074692,,3469
0.22523286938667297,0.08655668795108795,0.01441110298037529,,119,0.01771833375096321,0.12095785140991211,,3479
,,,0.9971264600753784,119,,,0.9967672228813171,3479
0.22088778018951416,0.08189904689788818,0.014999999664723873,,120,0.016780076548457146,0.12220865488052368,,3489
0.2532382607460022,0.09352179616689682,0.014999999664723873,,120,0.033290039747953415,0.12642642855644226,,3499
,,,0.9931752681732178,120,,,0.9960488677024841,3508
0.22848711907863617,0.08704729378223419,0.015588897280395031,,121,0.02577729895710945,0.11566253751516342,,3509
0.24909615516662598,0.09632794559001923,0.015588897280395031,,121,0.023403329774737358,0.12936487793922424,,3519
0.2112419605255127,0.07497845590114594,0.015588897280395031,,121,0.020745543763041496,0.11551795899868011,,3529
,,,0.9949712753295898,121,,,0.9964080452919006,3537
0.3003113865852356,0.14925742149353027,0.01617688685655594,,122,0.029485460370779037,0.12156850099563599,,3539
0.17445741593837738,0.05102171748876572,0.01617688685655594,,122,0.010717966593801975,0.11271773278713226,,3549
0.23170751333236694,0.07850641012191772,0.01617688685655594,,122,0.01603710651397705,0.13716399669647217,,3559
,,,0.9956896305084229,122,,,0.9953304529190063,3566
0.20823493599891663,0.07764288038015366,0.01676306128501892,,123,0.019806120544672012,0.11078594624996185,,3569
0.21224278211593628,0.06400536000728607,0.01676306128501892,,123,0.012986619025468826,0.13525080680847168,,3579
0.20824101567268372,0.0837484747171402,0.01676306128501892,,123,0.02125948667526245,0.10323306173086166,,3589
,,,0.9971264600753784,123,,,0.9971264600753784,3595
0.2475135177373886,0.09557338804006577,0.017346516251564026,,124,0.032484713941812515,0.11945541948080063,,3599
0.19359107315540314,0.0659341812133789,0.017346516251564026,,124,0.011427002027630806,0.11622989177703857,,3609
0.2523152828216553,0.08368563652038574,0.017346516251564026,,124,0.018146827816963196,0.15048280358314514,,3619
,,,0.9899425506591797,124,,,0.9953304529190063,3624
0.19673843681812286,0.07493918389081955,0.017926353961229324,,125,0.016289373859763145,0.10550987720489502,,3629
0.37014177441596985,0.21253272891044617,0.017926353961229324,,125,0.021773098036646843,0.1358359456062317,,3639
0.2622601389884949,0.1273314654827118,0.017926353961229324,,125,0.018827270716428757,0.11610140651464462,,3649
,,,0.9913793206214905,125,,,0.9974856376647949,3653
0.19921383261680603,0.05989442393183708,0.018501680344343185,,126,0.011349253356456757,0.1279701590538025,,3659
0.22139321267604828,0.08002696931362152,0.018501680344343185,,126,0.015625672414898872,0.12574057281017303,,3669
0.21871520578861237,0.08781357854604721,0.018501680344343185,,126,0.02376444637775421,0.10713717341423035,,3679
,,,0.9960488677024841,126,,,0.9960488677024841,3682
0.3899957537651062,0.19269107282161713,0.019071606919169426,,127,0.02332555130124092,0.17397913336753845,,3689
0.2570840120315552,0.11756019294261932,0.019071606919169426,,127,0.02967866137623787,0.10984516143798828,,3699
0.21833749115467072,0.07834863662719727,0.019071606919169426,,127,0.01680324785411358,0.12318560481071472,,3709
,,,0.9949712753295898,127,,,0.9964080452919006,3711
0.366057813167572,0.2211252748966217,0.01963525451719761,,128,0.022478774189949036,0.12245379388332367,,3719
0.20230674743652344,0.07274878025054932,0.01963525451719761,,128,0.01638893038034439,0.11316902935504913,,3729
0.2018052041530609,0.08250150084495544,0.01963525451719761,,128,0.02019774727523327,0.09910594671964645,,3739
,,,0.9931752681732178,128,,,0.9953304529190063,3740
0.3192603290081024,0.16500037908554077,0.020191755145788193,,129,0.015310795977711678,0.13894915580749512,,3749
0.21383345127105713,0.08224187791347504,0.020191755145788193,,129,0.018542982637882233,0.11304859817028046,,3759
0.20580759644508362,0.07683998346328735,0.020191755145788193,,129,0.015289701521396637,0.11367790400981903,,3769
,,,0.9946120977401733,129,,,0.9971264600753784,3769
0.26268628239631653,0.09563715755939484,0.02074025198817253,,130,0.019332265481352806,0.14771686494350433,,3779
0.23606641590595245,0.08830802142620087,0.02074025198817253,,130,0.02525089681148529,0.1225075051188469,,3789
,,,0.9953304529190063,130,,,0.9960488677024841,3798
0.24446704983711243,0.09124644845724106,0.021279895678162575,,131,0.024674780666828156,0.1285458207130432,,3799
0.20573759078979492,0.07410770654678345,0.021279895678162575,,131,0.016424216330051422,0.11520566046237946,,3809
0.19726869463920593,0.07723736763000488,0.021279895678162575,,131,0.01565650664269924,0.10437482595443726,,3819
,,,0.9956896305084229,131,,,0.9960488677024841,3827
0.19206638634204865,0.06859566271305084,0.021809857338666916,,132,0.011948891915380955,0.11152183264493942,,3829
0.21753692626953125,0.07943937927484512,0.021809857338666916,,132,0.01629570499062538,0.12180183827877045,,3839
0.2043837457895279,0.07477866113185883,0.021809857338666916,,132,0.013297153636813164,0.11630793660879135,,3849
,,,0.9946120977401733,132,,,0.9949712753295898,3856
0.22567255795001984,0.07435247302055359,0.022329319268465042,,133,0.017677385360002518,0.13364270329475403,,3859
0.22000043094158173,0.09081195294857025,0.022329319268465042,,133,0.019672919064760208,0.10951557010412216,,3869
0.24729736149311066,0.09545278549194336,0.022329319268465042,,133,0.021326754242181778,0.13051782548427582,,3879
,,,0.9953304529190063,133,,,0.9956896305084229,3885
0.23826412856578827,0.09257902950048447,0.022837478667497635,,134,0.021588699892163277,0.12409639358520508,,3889
0.18361811339855194,0.05752672627568245,0.022837478667497635,,134,0.010241670534014702,0.11584971845149994,,3899
0.2494867593050003,0.09765413403511047,0.022837478667497635,,134,0.02935396134853363,0.1224786639213562,,3909
,,,0.993534505367279,134,,,0.9953304529190063,3914
0.26910117268562317,0.10696417093276978,0.023333553224802017,,135,0.03308622166514397,0.12905079126358032,,3919
0.22171717882156372,0.07268492132425308,0.023333553224802017,,135,0.015348382294178009,0.13368387520313263,,3929
0.2048359215259552,0.07799627631902695,0.023333553224802017,,135,0.017385240644216537,0.10945439338684082,,3939
,,,0.9942528605461121,135,,,0.9964080452919006,3943
0.24838517606258392,0.10079522430896759,0.023816779255867004,,136,0.02900335006415844,0.11858659982681274,,3949
0.22303488850593567,0.08815516531467438,0.023816779255867004,,136,0.017286032438278198,0.1175936907529831,,3959
0.39048680663108826,0.24896329641342163,0.023816779255867004,,136,0.022394858300685883,0.11912864446640015,,3969
,,,0.9931752681732178,136,,,0.9953304529190063,3972
0.20166127383708954,0.07937344163656235,0.024286409839987755,,137,0.016740810126066208,0.10554701089859009,,3979
0.2452683448791504,0.09088630974292755,0.024286409839987755,,137,0.017383435741066933,0.13699859380722046,,3989
0.22728586196899414,0.08057494461536407,0.024286409839987755,,137,0.015355733223259449,0.1313551813364029,,3999
,,,0.9953304529190063,137,,,0.9949712753295898,4001
0.24073904752731323,0.09036576747894287,0.024741720408201218,,138,0.016964586451649666,0.13340869545936584,,4009
0.42478448152542114,0.2880748510360718,0.024741720408201218,,138,0.018550686538219452,0.11815893650054932,,4019
0.4369661211967468,0.30244266986846924,0.024741720408201218,,138,0.029393984004855156,0.10512949526309967,,4029
,,,0.9960488677024841,138,,,0.9953304529190063,4030
0.22319349646568298,0.0806012973189354,0.025182010605931282,,139,0.02025781013071537,0.12233438342809677,,4039
0.2272411733865738,0.09128560870885849,0.025182010605931282,,139,0.019901562482118607,0.11605401337146759,,4049
0.2223663330078125,0.08596174418926239,0.025182010605931282,,139,0.01650948077440262,0.11989512294530869,,4059
,,,0.9946120977401733,139,,,0.9949712753295898,4059
0.2247416079044342,0.08731575310230255,0.025606602430343628,,140,0.019168011844158173,0.11825784295797348,,4069
0.17926976084709167,0.07783627510070801,0.025606602430343628,,140,0.01638973504304886,0.0850437581539154,,4079
,,,0.9953304529190063,140,,,0.9960488677024841,4088
0.20655623078346252,0.07704854756593704,0.026014838367700577,,141,0.017809122800827026,0.11169855296611786,,4089
0.21475571393966675,0.07383622229099274,0.026014838367700577,,141,0.014680050313472748,0.12623943388462067,,4099
0.2011721134185791,0.08287009596824646,0.026014838367700577,,141,0.014296323992311954,0.10400568693876266,,4109
,,,0.9964080452919006,141,,,0.9971264600753784,4117
0.23515325784683228,0.09098120778799057,0.02640608884394169,,142,0.021879440173506737,0.12229262292385101,,4119
0.2513401210308075,0.07336705923080444,0.02640608884394169,,142,0.013717707246541977,0.16425535082817078,,4129
0.26157063245773315,0.10946749150753021,0.02640608884394169,,142,0.028867922723293304,0.12323522567749023,,4139
,,,0.993534505367279,142,,,0.9956896305084229,4146
0.22903096675872803,0.08628952503204346,0.02677975408732891,,143,0.01955464482307434,0.12318680435419083,,4149
0.24132254719734192,0.0916978269815445,0.02677975408732891,,143,0.01872284524142742,0.13090187311172485,,4159
0.37663301825523376,0.21872374415397644,0.02677975408732891,,143,0.03856315836310387,0.11934611201286316,,4169
,,,0.9946120977401733,143,,,0.9946120977401733,4175
0.19990167021751404,0.07872515916824341,0.027135254815220833,,144,0.017204411327838898,0.10397210717201233,,4179
0.19974255561828613,0.08338816463947296,0.027135254815220833,,144,0.013793118298053741,0.10256128013134003,,4189
0.3240320682525635,0.1461012065410614,0.027135254815220833,,144,0.05473200976848602,0.12319882959127426,,4199
,,,0.9942528605461121,144,,,0.9956896305084229,4204
0.24618472158908844,0.10308713465929031,0.02747204340994358,,145,0.02502318099141121,0.11807440966367722,,4209
0.26174861192703247,0.1064009815454483,0.02747204340994358,,145,0.031967662274837494,0.12337997555732727,,4219
0.2066180408000946,0.08279919624328613,0.02747204340994358,,145,0.01643294468522072,0.10738589614629745,,4229
,,,0.9956896305084229,145,,,0.9971264600753784,4233
0.24191352725028992,0.10002289712429047,0.027789602056145668,,146,0.02768642082810402,0.11420421302318573,,4239
0.21646620333194733,0.07996416091918945,0.027789602056145668,,146,0.016883110627532005,0.11961893737316132,,4249
0.2400168925523758,0.10067279636859894,0.027789602056145668,,146,0.021814405918121338,0.11752969026565552,,4259
,,,0.9946120977401733,146,,,0.9960488677024841,4262
0.2418319284915924,0.0788971334695816,0.028087440878152847,,147,0.01741565205156803,0.14551913738250732,,4269
0.22054319083690643,0.09627865254878998,0.028087440878152847,,147,0.02034326270222664,0.10392128676176071,,4279
0.247590109705925,0.09275259077548981,0.028087440878152847,,147,0.013463778421282768,0.14137373864650726,,4289
,,,0.993534505367279,147,,,0.9967672228813171,4291
0.3232709467411041,0.14348900318145752,0.02836509793996811,,148,0.042456962168216705,0.1373249888420105,,4299
0.27794981002807617,0.10089347511529922,0.02836509793996811,,148,0.025032389909029007,0.15202394127845764,,4309
0.2524663507938385,0.11515402793884277,0.02836509793996811,,148,0.025397993624210358,0.11191433668136597,,4319
,,,0.9960488677024841,148,,,0.9967672228813171,4320
0.24008747935295105,0.08869343996047974,0.02862214669585228,,149,0.018275432288646698,0.1331186145544052,,4329
0.32663166522979736,0.13940104842185974,0.02862214669585228,,149,0.049479637295007706,0.13775098323822021,,4339
0.27710264921188354,0.13616517186164856,0.02862214669585228,,149,0.03078080527484417,0.11015667021274567,,4349
,,,0.9949712753295898,149,,,0.9964080452919006,4349
0.21166270971298218,0.0916631668806076,0.028858192265033722,,150,0.01935657113790512,0.10064297914505005,,4359
0.28590601682662964,0.13366973400115967,0.028858192265033722,,150,0.03753909468650818,0.1146971732378006,,4369
,,,0.9938936829566956,150,,,0.9960488677024841,4378
0.21050314605236053,0.07119514793157578,0.029072869569063187,,151,0.01340644620358944,0.12590155005455017,,4379
0.19909486174583435,0.0751226395368576,0.029072869569063187,,151,0.01216837577521801,0.11180385202169418,,4389
0.2741038501262665,0.12745143473148346,0.029072869569063187,,151,0.033230286091566086,0.11342212557792664,,4399
,,,0.9928160905838013,151,,,0.9971264600753784,4407
0.28117069602012634,0.1323222517967224,0.02926584705710411,,152,0.01951320841908455,0.1293352097272873,,4409
0.20086409151554108,0.07864971458911896,0.02926584705710411,,152,0.01319807767868042,0.1090162992477417,,4419
0.2231270968914032,0.0914544090628624,0.02926584705710411,,152,0.014768773689866066,0.11690390110015869,,4429
,,,0.9942528605461121,152,,,0.9956896305084229,4436
0.24916161596775055,0.1297972947359085,0.029436828568577766,,153,0.02323194034397602,0.09613238275051117,,4439
0.24197342991828918,0.08278465270996094,0.029436828568577766,,153,0.019414251670241356,0.13977453112602234,,4449
0.25452476739883423,0.10117914527654648,0.029436828568577766,,153,0.025845631957054138,0.12749998271465302,,4459
,,,0.9931752681732178,153,,,0.9964080452919006,4465
0.21986271440982819,0.07269708067178726,0.029585549607872963,,154,0.015134263783693314,0.1320313662290573,,4469
0.2018941193819046,0.08173805475234985,0.029585549607872963,,154,0.014207158237695694,0.10594891011714935,,4479
0.22889423370361328,0.08833066374063492,0.029585549607872963,,154,0.01867365464568138,0.12188991159200668,,4489
,,,0.9938936829566956,154,,,0.9942528605461121,4494
0.291221559047699,0.1164621114730835,0.029711779206991196,,155,0.03677517548203468,0.1379842609167099,,4499
0.252560019493103,0.08952228724956512,0.029711779206991196,,155,0.016226034611463547,0.14681170880794525,,4509
0.21207675337791443,0.0725821703672409,0.029711779206991196,,155,0.013831458985805511,0.1256631314754486,,4519
,,,0.9946120977401733,155,,,0.9960488677024841,4523
0.2234870195388794,0.07887768745422363,0.029815325513482094,,156,0.01420479267835617,0.130404531955719,,4529
0.21902351081371307,0.09319241344928741,0.029815325513482094,,156,0.01888458803296089,0.10694651305675507,,4539
0.23778198659420013,0.09298402070999146,0.029815325513482094,,156,0.018863597884774208,0.12593436241149902,,4549
,,,0.9949712753295898,156,,,0.9956896305084229,4552
0.19665375351905823,0.092586949467659,0.029896026477217674,,157,0.018839024007320404,0.08522778749465942,,4559
0.23576349020004272,0.10190516710281372,0.029896026477217674,,157,0.024198079481720924,0.10966023057699203,,4569
0.3030664324760437,0.17773973941802979,0.029896026477217674,,157,0.013341120444238186,0.11198556423187256,,4579
,,,0.9942528605461121,157,,,0.9953304529190063,4581
0.23726747930049896,0.08392180502414703,0.029953759163618088,,158,0.01709721051156521,0.13624846935272217,,4589
0.25397494435310364,0.10873496532440186,0.029953759163618088,,158,0.020086050033569336,0.12515392899513245,,4599
0.21469298005104065,0.09663534164428711,0.029953759163618088,,158,0.018371764570474625,0.09968587011098862,,4609
,,,0.9928160905838013,158,,,0.9949712753295898,4610
0.3743356466293335,0.24227333068847656,0.02998843602836132,,159,0.01497771218419075,0.11708459258079529,,4619
0.24900498986244202,0.10007745027542114,0.02998843602836132,,159,0.01867850124835968,0.1302490383386612,,4629
0.22614523768424988,0.0842580646276474,0.02998843602836132,,159,0.015336696058511734,0.12655048072338104,,4639
,,,0.9942528605461121,159,,,0.9964080452919006,4639
